--INSERT TABELA POLITICA
INSERT INTO POLITICA (ID, P_VITORIA, P_EMPATE,P_DERROTA,PERMISSAO) VALUES (1, 3, NULL, 0, FALSE);
INSERT INTO POLITICA (ID, P_VITORIA, P_EMPATE,P_DERROTA,PERMISSAO) VALUES (2, 3, NULL, -3, FALSE);
INSERT INTO POLITICA (ID, P_VITORIA, P_EMPATE,P_DERROTA,PERMISSAO) VALUES (3, 6, 1, -6, TRUE);
INSERT INTO POLITICA (ID, P_VITORIA, P_EMPATE,P_DERROTA,PERMISSAO) VALUES (4, 10, 5, -10, TRUE);
INSERT INTO POLITICA (ID, P_VITORIA, P_EMPATE,P_DERROTA,PERMISSAO) VALUES (5, 9, NULL, -9, FALSE);

--INSERT TABELA COMPETIDOR
INSERT INTO COMPETIDOR (ID, NOME) VALUES (1, 'Joao Luiz');
INSERT INTO COMPETIDOR (ID, NOME) VALUES (2, 'Luiz Ricardo');
INSERT INTO COMPETIDOR (ID, NOME) VALUES (3, 'Julieta Castro Luiz');
INSERT INTO COMPETIDOR (ID, NOME) VALUES (4, 'Joao Rodrigo');
INSERT INTO COMPETIDOR (ID, NOME) VALUES (5, 'Rodrigo Melo');
INSERT INTO COMPETIDOR (ID, NOME) VALUES (6, 'Ágatha Ciro');
INSERT INTO COMPETIDOR (ID, NOME) VALUES (7, 'Matilde Santos');
INSERT INTO COMPETIDOR (ID, NOME) VALUES (8, 'Emilly Maculada');
INSERT INTO COMPETIDOR (ID, NOME) VALUES (9, 'Yuri Moreira');
INSERT INTO COMPETIDOR (ID, NOME) VALUES (10, 'Paulo Lodeiro');



--INSERT TABELA COMPETICAO
INSERT INTO COMPETICAO(ID, NOME,DT_INICIO,DT_FIM,POLITICA_ID) VALUES (1, 'CAMPEONATO BRASILEIRO','09/02/2012','09/12/2012',1);
INSERT INTO COMPETICAO(ID, NOME,DT_INICIO,DT_FIM,POLITICA_ID) VALUES (2, 'UFC','10/02/2014','10/02/2014',1);
INSERT INTO COMPETICAO(ID, NOME,DT_INICIO,DT_FIM,POLITICA_ID) VALUES (3, 'LUTA LIVRE','23/04/2015','23/04/2015',2);
INSERT INTO COMPETICAO(ID, NOME,DT_INICIO,DT_FIM,POLITICA_ID) VALUES (4, 'US OPEN','01/08/2014','30/08/2014',2);
INSERT INTO COMPETICAO(ID, NOME,DT_INICIO,DT_FIM,POLITICA_ID) VALUES (5, 'OLIMPIADA BRASILEIRA','01/01/2014','15/01/2014',3);
INSERT INTO COMPETICAO(ID, NOME,DT_INICIO,DT_FIM,POLITICA_ID) VALUES (6, 'COPA DAVIS','01/05/2013','20/05/2013',3);
INSERT INTO COMPETICAO(ID, NOME,DT_INICIO,DT_FIM,POLITICA_ID) VALUES (7, 'CAMPEONATO EUROPEU','08/03/2012','07/11/2012',4);
INSERT INTO COMPETICAO(ID, NOME,DT_INICIO,DT_FIM,POLITICA_ID) VALUES (8, 'COPA DO BRASIL','01/05/2013','19/10/2013',4);
INSERT INTO COMPETICAO(ID, NOME,DT_INICIO,DT_FIM,POLITICA_ID) VALUES (9, 'CAMPEONATO ESPANHOL','10/10/2010','11/11/2010',5);
INSERT INTO COMPETICAO(ID, NOME,DT_INICIO,DT_FIM,POLITICA_ID) VALUES (10, 'CAMPEONATO DE XADREZ','10/01/2015','10/01/2015',5);

--INSERT TABELA PARTICIPACAO
INSERT INTO PARTICIPACAO(ID, COLOCACAO,PREMIO,COMPETIDOR_ID,COMPETICAO_ID) VALUES(1,1,1000,1,1);
INSERT INTO PARTICIPACAO(ID, COLOCACAO,PREMIO,COMPETIDOR_ID,COMPETICAO_ID) VALUES(2,1,1000,1,2);
INSERT INTO PARTICIPACAO(ID, COLOCACAO,PREMIO,COMPETIDOR_ID,COMPETICAO_ID) VALUES(3,1,1000,1,3);
INSERT INTO PARTICIPACAO(ID, COLOCACAO,PREMIO,COMPETIDOR_ID,COMPETICAO_ID) VALUES(4,2,500,2,4);
INSERT INTO PARTICIPACAO(ID, COLOCACAO,PREMIO,COMPETIDOR_ID,COMPETICAO_ID) VALUES(5,2,500,2,5);
INSERT INTO PARTICIPACAO(ID, COLOCACAO,PREMIO,COMPETIDOR_ID,COMPETICAO_ID) VALUES(6,2,500,1,7);
INSERT INTO PARTICIPACAO(ID, COLOCACAO,PREMIO,COMPETIDOR_ID,COMPETICAO_ID) VALUES(7,2,500,2,8);
INSERT INTO PARTICIPACAO(ID, COLOCACAO,PREMIO,COMPETIDOR_ID,COMPETICAO_ID) VALUES(8,3,200,3,10);
INSERT INTO PARTICIPACAO(ID, COLOCACAO,PREMIO,COMPETIDOR_ID,COMPETICAO_ID) VALUES(9,3,200,9,1);
INSERT INTO PARTICIPACAO(ID, COLOCACAO,PREMIO,COMPETIDOR_ID,COMPETICAO_ID) VALUES(10,3,200,10,6);
INSERT INTO PARTICIPACAO(ID, COLOCACAO,PREMIO,COMPETIDOR_ID,COMPETICAO_ID) VALUES(11,3,200,10,4);
INSERT INTO PARTICIPACAO(ID, COLOCACAO,PREMIO,COMPETIDOR_ID,COMPETICAO_ID) VALUES(12,1,0,3,7);
INSERT INTO PARTICIPACAO(ID, COLOCACAO,PREMIO,COMPETIDOR_ID,COMPETICAO_ID) VALUES(13,1,0,3,8);
INSERT INTO PARTICIPACAO(ID, COLOCACAO,PREMIO,COMPETIDOR_ID,COMPETICAO_ID) VALUES(14,1,0,3,9);
INSERT INTO PARTICIPACAO(ID, COLOCACAO,PREMIO,COMPETIDOR_ID,COMPETICAO_ID) VALUES(15,1,0,4,1);
INSERT INTO PARTICIPACAO(ID, COLOCACAO,PREMIO,COMPETIDOR_ID,COMPETICAO_ID) VALUES(16,1,0,4,2);
INSERT INTO PARTICIPACAO(ID, COLOCACAO,PREMIO,COMPETIDOR_ID,COMPETICAO_ID) VALUES(17,1,0,5,4);
INSERT INTO PARTICIPACAO(ID, COLOCACAO,PREMIO,COMPETIDOR_ID,COMPETICAO_ID) VALUES(18,1,0,5,9);
INSERT INTO PARTICIPACAO(ID, COLOCACAO,PREMIO,COMPETIDOR_ID,COMPETICAO_ID) VALUES(19,1,0,6,4);
INSERT INTO PARTICIPACAO(ID, COLOCACAO,PREMIO,COMPETIDOR_ID,COMPETICAO_ID) VALUES(20,1,0,6,3);
INSERT INTO PARTICIPACAO(ID, COLOCACAO,PREMIO,COMPETIDOR_ID,COMPETICAO_ID) VALUES(21,1,0,7,7);
INSERT INTO PARTICIPACAO(ID, COLOCACAO,PREMIO,COMPETIDOR_ID,COMPETICAO_ID) VALUES(22,1,0,7,9);
INSERT INTO PARTICIPACAO(ID, COLOCACAO,PREMIO,COMPETIDOR_ID,COMPETICAO_ID) VALUES(23,1,0,8,6);
INSERT INTO PARTICIPACAO(ID, COLOCACAO,PREMIO,COMPETIDOR_ID,COMPETICAO_ID) VALUES(24,1,0,9,4);

--INSERT TABELA EVENTO
INSERT INTO EVENTO(ID, VENCEDOR_COD,COMPETIDOR1_ID,COMPETIDOR2_ID,COMPETICAO_ID) VALUES(1,1,1,2,3);
INSERT INTO EVENTO(ID, VENCEDOR_COD,COMPETIDOR1_ID,COMPETIDOR2_ID,COMPETICAO_ID) VALUES(2,2,3,2,2);
INSERT INTO EVENTO(ID, VENCEDOR_COD,COMPETIDOR1_ID,COMPETIDOR2_ID,COMPETICAO_ID) VALUES(3,3,4,3,1);
INSERT INTO EVENTO(ID, VENCEDOR_COD,COMPETIDOR1_ID,COMPETIDOR2_ID,COMPETICAO_ID) VALUES(4,4,5,4,4);
INSERT INTO EVENTO(ID, VENCEDOR_COD,COMPETIDOR1_ID,COMPETIDOR2_ID,COMPETICAO_ID) VALUES(5,6,7,6,5);
INSERT INTO EVENTO(ID, VENCEDOR_COD,COMPETIDOR1_ID,COMPETIDOR2_ID,COMPETICAO_ID) VALUES(6,7,8,7,6);
INSERT INTO EVENTO(ID, VENCEDOR_COD,COMPETIDOR1_ID,COMPETIDOR2_ID,COMPETICAO_ID) VALUES(7,2,3,2,7);
INSERT INTO EVENTO(ID, VENCEDOR_COD,COMPETIDOR1_ID,COMPETIDOR2_ID,COMPETICAO_ID) VALUES(8,5,6,5,8);
INSERT INTO EVENTO(ID, VENCEDOR_COD,COMPETIDOR1_ID,COMPETIDOR2_ID,COMPETICAO_ID) VALUES(9,7,9,7,9);
INSERT INTO EVENTO(ID, VENCEDOR_COD,COMPETIDOR1_ID,COMPETIDOR2_ID,COMPETICAO_ID) VALUES(10,5,10,5,10);
INSERT INTO EVENTO(ID, VENCEDOR_COD,COMPETIDOR1_ID,COMPETIDOR2_ID,COMPETICAO_ID) VALUES(11,6,7,6,5);

select * from competicao